Lait fermenté Espagne Barquette de 2 pièces Bio Normal,LYZZI,2.26
Crème Espagne À l'unité En conversion Gros,UYHXC,1.34
Crème fraîche Non EU À l'unité En conversion Petit,GGDDO,0.99
Crème fraîche Italie À l'unité Bio Normal,EEAWL,0.78
Lait fermenté Italie À l'unité Conventionnel Petit,JMBQJ,1.52
Lait EU Colis de 10kg Bio Normal,BQJZO,17.71
Crème fraîche Non EU Colis de 10kg Bio Petit,XYIJX,18.43
Lait France À l'unité Bio Petit,UBGFC,0.98
Beurre Non EU Barquette de 2 pièces Bio Gros,HNFCQ,1.38
Ricotta EU Colis de 10kg En conversion Petit,JDFJL,12.34
Ricotta Non EU À l'unité En conversion Petit,LFMHH,2
Crème fraîche Non EU Colis de 10kg Conventionnel Petit,XLFKA,7.34
Ricotta Non EU Barquette de 2 pièces Conventionnel Normal,NKKDC,1.18
Lait France Barquette de 2 pièces Bio Normal,HBVSN,1.38
Fromage Espagne À l'unité Bio Petit,TDWMU,1.49
Crème fraîche Non EU Barquette de 2 pièces En conversion Normal,DGPCI,1.05
Kéfir Espagne Colis de 10kg En conversion Gros,GRBXD,6.68
Fromage blanc Italie À l'unité Bio Gros,VXBHT,1.62
Yaourt Italie À l'unité Bio Petit,DDRFH,1.76
Beurre Non EU Barquette de 2 pièces Bio Petit,FIDWG,2.66
Lait fermenté France Colis de 10kg Conventionnel Petit,ZIPHH,5.53
Fromage France Colis de 10kg Bio Petit,PSSWN,14.27
Fromage blanc Italie Barquette de 2 pièces Bio Gros,TUKWD,1.41
Ricotta Non EU Barquette de 2 pièces Bio Petit,BLYLG,1.22
Beurre France Barquette de 2 pièces Bio Normal,TVHDM,2.66
Kéfir Non EU Barquette de 2 pièces Bio Gros,ICNHH,1.4
Lait France Barquette de 2 pièces Conventionnel Petit,QWQBC,1.13
Lait fermenté Espagne Barquette de 2 pièces Bio Gros,UGZEY,2.11
Lait Espagne Barquette de 2 pièces Bio Normal,PWXSA,2.25
Crème fraîche EU Barquette de 2 pièces Bio Normal,WRBAU,2.41
Beurre Italie Barquette de 2 pièces Bio Normal,KUSMF,2.12
Crème fraîche EU Barquette de 2 pièces En conversion Normal,FHJUK,2.63
Fromage blanc Italie Colis de 10kg En conversion Petit,UDCCL,13.26
Fromage blanc Non EU Barquette de 2 pièces Bio Petit,RDOBX,2.58
Crème EU Barquette de 2 pièces Bio Gros,UITIB,1.52
Lait Non EU À l'unité Conventionnel Gros,CVTVI,1.92
Beurre Non EU Barquette de 2 pièces Bio Gros,LXXXAXLD,1.86
Ricotta Espagne Barquette de 2 pièces En conversion Normal,HTPOX,2.72
Yaourt Italie Colis de 10kg En conversion Petit,RHKEL,14.43
Ricotta France Colis de 10kg Conventionnel Gros,SKSBY,10.75
Kéfir Espagne À l'unité Conventionnel Petit,TPRKC,1.61
Lait Espagne Colis de 10kg En conversion Normal,QQITF,14.01
Kéfir Espagne Colis de 10kg En conversion Petit,HKKKKKOOS,15.02
Beurre Non EU À l'unité Bio Normal,ZIRMF,1.36
Ricotta Italie Barquette de 2 pièces Conventionnel Gros,TAITY,1.31
Ricotta Non EU À l'unité En conversion Petit,VDEOP,1.54
Yaourt Italie Colis de 10kg Bio Gros,TONJQ,13.47
Kéfir France Barquette de 2 pièces En conversion Petit,EAAXU,1.1
Crème Italie Barquette de 2 pièces En conversion Normal,CDKBW,2.3
Beurre Espagne Colis de 10kg Bio Petit,RDKJF,14.57
Fromage Espagne Barquette de 2 pièces Conventionnel Petit,WTRWK,2.22
Yaourt France Barquette de 2 pièces Conventionnel Normal,CNQEA,2.24
Crème fraîche France À l'unité Conventionnel Gros,HNYTE,1.23
Fromage blanc France À l'unité En conversion Normal,CPZDS,1.3
Fromage blanc Non EU À l'unité En conversion Normal,PONAC,1.88
Lait Espagne À l'unité Conventionnel Gros,ZLHBX,1.62
Yaourt Espagne À l'unité Conventionnel Petit,LIUBS,1.73
Lait Italie Colis de 10kg En conversion Gros,OGFVN,9.55
Lait fermenté France À l'unité Bio Gros,WSRDN,1.91
Lait fermenté France À l'unité Conventionnel Gros,MBRUQ,1.05
Ricotta Italie Colis de 10kg Bio Normal,OGGBT,6.55
Fromage France À l'unité Bio Gros,ZBGNH,0.72
Beurre Non EU Colis de 10kg Bio Gros,XEGGQ,19.37
Crème Italie À l'unité Bio Normal,PSDBK,1.12
Ricotta Non EU Colis de 10kg Bio Gros,DVDUA,16.7
Kéfir France Barquette de 2 pièces En conversion Gros,NKXUX,2.46
Fromage blanc Espagne À l'unité Conventionnel Normal,FNRLW,0.52
Fromage blanc France Colis de 10kg Bio Normal,YRKEB,8.56
Kéfir Espagne Colis de 10kg Conventionnel Petit,MPQHI,19.04
Fromage blanc Espagne À l'unité Bio Petit,TUNDE,1.03
Beurre France Barquette de 2 pièces Bio Petit,NDCXU,1.72
Fromage EU À l'unité Bio Normal,ZWAWQ,1.57
Beurre France À l'unité Conventionnel Petit,DCJUG,1.85
Kéfir France Barquette de 2 pièces Bio Gros,HNZOY,2.27
Ricotta France Barquette de 2 pièces En conversion Gros,KTSKL,1.17
Fromage blanc Italie À l'unité En conversion Petit,IVJMQ,1.26
Yaourt Espagne À l'unité Conventionnel Gros,OXEBB,1.65
Beurre Italie Colis de 10kg Conventionnel Petit,PNFER,16.12
Fromage France Colis de 10kg Bio Gros,NIJKQ,12.84
Yaourt Italie Barquette de 2 pièces Conventionnel Gros,XNWUC,2.5
Lait fermenté EU À l'unité Conventionnel Normal,XIWNO,0.95
Yaourt France Colis de 10kg Bio Normal,GJEKD,15.54
Beurre France Colis de 10kg Bio Gros,CTUXJ,17.42
Lait Non EU Barquette de 2 pièces Bio Normal,DCKFF,2.28
Kéfir Non EU Barquette de 2 pièces Bio Gros,MPJIS,2.34
Fromage blanc Non EU Barquette de 2 pièces En conversion Gros,CSIFP,1.81
Yaourt Non EU À l'unité Bio Normal,FVJCD,1.22
Kéfir Non EU Colis de 10kg Bio Gros,GJNWD,9.1
Kéfir Espagne Barquette de 2 pièces Conventionnel Normal,PSKSM,1.3
Beurre EU À l'unité Bio Normal,SIOJR,1.69
Kéfir France Colis de 10kg En conversion Petit,VOFER,5.07
Beurre Non EU À l'unité Bio Gros,GBROQ,1.97
Lait Espagne Colis de 10kg Bio Petit,HKAXB,15.67
Lait Espagne Barquette de 2 pièces En conversion Petit,LKQRT,2.07
Lait EU À l'unité Bio Petit,AVVEQ,1.92
Yaourt France Colis de 10kg En conversion Normal,DDGLJ,13.09
Crème fraîche Non EU Colis de 10kg En conversion Normal,WBLLH,13.27
Lait EU À l'unité En conversion Gros,WCZMW,0.97
Kéfir EU Barquette de 2 pièces En conversion Normal,EMBHW,1.21
Kéfir Non EU À l'unité Conventionnel Normal,PRWNY,1.68